 ,Label,Area,Mean,X,Y
1,PRG_7314.JPG,0,123,1504,1126.333
2,PRG_7314.JPG,0,133,1529.333,1127
3,PRG_7314.JPG,0,138,1548.667,1117.667
4,PRG_7314.JPG,0,113,1557.333,1112.333
5,PRG_7314.JPG,0,109,1573.333,1106.333
6,PRG_7314.JPG,0,123,1596,1103
7,PRG_7314.JPG,0,120,1615.333,1101.667
8,PRG_7314.JPG,0,92,1634,1097.667
9,PRG_7314.JPG,0,28,1661.333,1025
10,PRG_7314.JPG,0,19,1670,1025
11,PRG_7314.JPG,0,12,1676,1021
12,PRG_7314.JPG,0,13,1684,1021
13,PRG_7314.JPG,0,15,1677.333,1013.667
14,PRG_7314.JPG,0,20,1670.667,1014.333
15,PRG_7314.JPG,0,27,1659.333,1013.667
16,PRG_7314.JPG,0,87,1703.333,1141.667
17,PRG_7314.JPG,0,104,1720.667,1130.333
18,PRG_7314.JPG,0,137,1749.333,1133
19,PRG_7314.JPG,0,111,1777.333,1132.333
20,PRG_7314.JPG,0,128,1802.667,1136.333
21,PRG_7314.JPG,0,126,1820,1136.333
22,PRG_7314.JPG,0,138,1851.667,1418
23,PRG_7314.JPG,0,101,1857,1417.333
24,PRG_7314.JPG,0,144,1871,1405.333
25,PRG_7314.JPG,0,118,1883,1384.667
26,PRG_7314.JPG,0,100,1892.333,1367.333
27,PRG_7314.JPG,0,136,1906.333,1342.667
28,PRG_7314.JPG,0,87,1920.333,1324.667
29,PRG_7314.JPG,0,123,1929,1311.333
30,PRG_7314.JPG,0,128,1939.667,1290.667
31,PRG_7314.JPG,0,109,1948.333,1269.333
32,PRG_7314.JPG,0,121,1959.667,1260
33,PRG_7314.JPG,0,105,1971,1246
34,PRG_7314.JPG,0,101,1974.333,1229.333
35,PRG_7314.JPG,0,99,1981.667,1214
36,PRG_7314.JPG,0,101,1983.667,1205.333
37,PRG_7314.JPG,0,68,2166.333,1372
38,PRG_7314.JPG,0,103,2179,1386.667
39,PRG_7314.JPG,0,148,2238.333,939.333
40,PRG_7314.JPG,0,160,2215,956.667
41,PRG_7314.JPG,0,161,2208.333,972
42,PRG_7314.JPG,0,112,2197,994.667
43,PRG_7314.JPG,0,122,2179,1014
44,PRG_7314.JPG,0,114,2167,1025.333
45,PRG_7314.JPG,0,118,2161,1038.667
46,PRG_7314.JPG,0,79,2148.333,1045.333
47,PRG_7314.JPG,0,86,2137.667,1055.333
48,PRG_7314.JPG,0,53,2118.333,1072.667
49,PRG_7314.JPG,0,61,2108.333,1086
50,PRG_7314.JPG,0,53,2095,1104.667
51,PRG_7314.JPG,0,132,1745.667,1209.333
52,PRG_7314.JPG,0,130,1762.333,1202.667
53,PRG_7314.JPG,0,133,1801,1196
54,PRG_7314.JPG,0,121,1824.333,1189.333
55,PRG_7314.JPG,0,123,1837,1183.333
56,PRG_7314.JPG,0,103,1845.667,1169.333
57,PRG_7314.JPG,0,94,1868.333,1153.333
58,PRG_7314.JPG,0,97,1871.667,1146.667
59,PRG_7314.JPG,0,81,1880.333,1141.333
60,PRG_7314.JPG,0,78,1887.667,1139.333
61,PRG_7314.JPG,0,30,1879,1131.333
62,PRG_7314.JPG,0,47,1887.667,1125.333
63,PRG_7314.JPG,0,37,1573,1055.667
64,PRG_7314.JPG,0,32,1576.333,1050.333
65,PRG_7314.JPG,0,28,1588.333,1043
66,PRG_7314.JPG,0,37,1595.667,1037.667
67,PRG_7314.JPG,0,39,1602.333,1030.333
68,PRG_7314.JPG,0,15,1624.333,1032.333
69,PRG_7314.JPG,0,64,1634.333,1025
70,PRG_7314.JPG,0,30,1653.667,1019.667
71,PRG_7314.JPG,0,32,1651.667,1007
72,PRG_7314.JPG,0,34,1638.333,978.333
73,PRG_7314.JPG,0,32,1639,971.667
74,PRG_7314.JPG,0,33,1639.667,967.667
75,PRG_7314.JPG,0,22,1521,1001.667
76,PRG_7314.JPG,0,53,1511.667,988.333
77,PRG_7314.JPG,0,46,1514.333,981.667
78,PRG_7314.JPG,0,35,1512.333,960.333
79,PRG_7314.JPG,0,81,1491,996.333
80,PRG_7314.JPG,0,52,1481.667,1007
81,PRG_7314.JPG,0,105,1471.667,1014.333
82,PRG_7314.JPG,0,59,1455.667,1021.667
83,PRG_7314.JPG,0,85,1445,1026.333
84,PRG_7314.JPG,0,70,1433.667,1033
85,PRG_7314.JPG,0,104,1547.667,1362.333
86,PRG_7314.JPG,0,85,1571,1345
87,PRG_7314.JPG,0,92,1577.667,1338.333
88,PRG_7314.JPG,0,65,1591.667,1330.333
89,PRG_7314.JPG,0,62,1599.667,1325.667
90,PRG_7314.JPG,0,55,1610.333,1321.667
91,PRG_7314.JPG,0,14,1598.333,1362.333
92,PRG_7314.JPG,0,13,1607,1360.333
93,PRG_7314.JPG,0,13,1617.667,1358.333
94,PRG_7314.JPG,0,14,1628.333,1357
95,PRG_7314.JPG,0,12,1636.333,1357.667
96,PRG_7314.JPG,0,24,1639.667,1430
97,PRG_7314.JPG,0,21,1645.667,1418.667
98,PRG_7314.JPG,0,15,1615,1434.667
99,PRG_7314.JPG,0,14,1618.333,1430
100,PRG_7314.JPG,0,16,1620.333,1425.333
101,PRG_7314.JPG,0,138,904.667,1805.667
102,PRG_7314.JPG,0,137,920.667,1793.667
103,PRG_7314.JPG,0,144,934,1787
104,PRG_7314.JPG,0,116,1144,1821.667
105,PRG_7314.JPG,0,113,1154,1811.667
106,PRG_7314.JPG,0,133,680,1587
107,PRG_7314.JPG,0,123,710.667,1584.333
108,PRG_7314.JPG,0,132,728,1583.667
109,PRG_7314.JPG,0,112,752.667,1585.667
110,PRG_7314.JPG,0,123,774,1589.667
111,PRG_7314.JPG,0,132,784,1591
112,PRG_7314.JPG,0,84,727.333,1018.667
113,PRG_7314.JPG,0,89,753.333,1018.667
114,PRG_7314.JPG,0,89,783.333,1023.333
115,PRG_7314.JPG,0,104,828,1028
116,PRG_7314.JPG,0,88,867.333,1034.667
117,PRG_7314.JPG,0,90,909.333,1042.667
118,PRG_7314.JPG,0,93,1006,1053.333
119,PRG_7314.JPG,0,133,1032.667,1044.667
120,PRG_7314.JPG,0,137,1046.667,1043.333
121,PRG_7314.JPG,0,101,1069.333,1040
122,PRG_7314.JPG,0,116,1083.333,1036
123,PRG_7314.JPG,0,123,1058,1033.333
124,PRG_7314.JPG,0,130,1036,1028.667
125,PRG_7314.JPG,0,113,994.667,1024
126,PRG_7314.JPG,0,105,984,1018.667
127,PRG_7314.JPG,0,94,950,1011.333
128,PRG_7314.JPG,0,127,931.333,1005.333
129,PRG_7314.JPG,0,157,1039.667,760
130,PRG_7314.JPG,0,102,1061,769.333
131,PRG_7314.JPG,0,131,1108.333,787.333
132,PRG_7314.JPG,0,86,1158.333,811.333
133,PRG_7314.JPG,0,122,1180.333,827.333
134,PRG_7314.JPG,0,105,1201.667,842.667
135,PRG_7314.JPG,0,91,1222.333,859.333
136,PRG_7314.JPG,0,82,1241,871.333
137,PRG_7314.JPG,0,110,1531.333,682
138,PRG_7314.JPG,0,29,1540.667,698
139,PRG_7314.JPG,0,89,1559.333,715.333
140,PRG_7314.JPG,0,82,1571.333,733.333
141,PRG_7314.JPG,0,93,1576.667,738
142,PRG_7314.JPG,0,93,1826,824.667
143,PRG_7314.JPG,0,113,1840,826
144,PRG_7314.JPG,0,119,1862,848
145,PRG_7314.JPG,0,109,1883.333,866
146,PRG_7314.JPG,0,122,1900,877.333
147,PRG_7314.JPG,0,98,1922.667,890.667
148,PRG_7314.JPG,0,79,1937.333,904.667
149,PRG_7314.JPG,0,103,1944.667,928
150,PRG_7314.JPG,0,111,1978,941.333
151,PRG_7314.JPG,0,132,2124,525.333
152,PRG_7314.JPG,0,141,2120.667,534.667
153,PRG_7314.JPG,0,128,2119.333,555.333
154,PRG_7314.JPG,0,133,2153.333,526.667
155,PRG_7314.JPG,0,135,2145.333,532.667
156,PRG_7314.JPG,0,126,2140.667,540.667
157,PRG_7314.JPG,0,129,2140.667,550
158,PRG_7314.JPG,0,130,2138.667,562
159,PRG_7314.JPG,0,134,2136.667,568
160,PRG_7314.JPG,0,139,2134.667,576.667
161,PRG_7314.JPG,0,87,1700,511.333
162,PRG_7314.JPG,0,87,1720.667,530
163,PRG_7314.JPG,0,77,1724,545.333
164,PRG_7314.JPG,0,76,1725.333,558.667
165,PRG_7314.JPG,0,119,1720,485.333
166,PRG_7314.JPG,0,103,1728,494
167,PRG_7314.JPG,0,93,1742,516.667
168,PRG_7314.JPG,0,55,1770,544.667
169,PRG_7314.JPG,0,86,1780.667,564.667
170,PRG_7314.JPG,0,75,1791.333,580
171,PRG_7314.JPG,0,36,1678.667,799.333
172,PRG_7314.JPG,0,54,1684,810
173,PRG_7314.JPG,0,28,1686,826
174,PRG_7314.JPG,0,34,1694,840.667
175,PRG_7314.JPG,0,48,1698,833.333
176,PRG_7314.JPG,0,56,1697.333,816
177,PRG_7314.JPG,0,57,1699.333,806
178,PRG_7314.JPG,0,104,1639.667,1158
179,PRG_7314.JPG,0,112,1653.667,1157.333
180,PRG_7314.JPG,0,80,1678.333,1155.333
181,PRG_7314.JPG,0,93,1660.333,1126.667
182,PRG_7314.JPG,0,99,1669.667,1125.333
183,PRG_7314.JPG,0,29,1696.333,1124.667
184,PRG_7314.JPG,0,9,1689.667,1132
185,PRG_7314.JPG,0,12,1685,1137.333
186,PRG_7314.JPG,0,11,1791,1250.667
187,PRG_7314.JPG,0,65,1804.333,1237.333
188,PRG_7314.JPG,0,45,1807,1226.667
189,PRG_7314.JPG,0,14,1804.333,1222
190,PRG_7314.JPG,0,9,1793,1233.333
191,PRG_7314.JPG,0,11,1785.667,1234.667
192,PRG_7314.JPG,0,22,1771.667,1216.667
193,PRG_7314.JPG,0,58,1772.333,1224
194,PRG_7314.JPG,0,50,1789.667,1218
195,PRG_7314.JPG,0,124,1797,1213.333
196,PRG_7314.JPG,0,116,1596.333,1406
197,PRG_7314.JPG,0,106,1615.667,1397.333
198,PRG_7314.JPG,0,97,1629.667,1388
199,PRG_7314.JPG,0,101,1636.333,1383.333
200,Red,0,101,1819.667,1482.667
201,PRG_7314.JPG,0,160,1504,1126.333
202,PRG_7314.JPG,0,168,1529.333,1127
203,PRG_7314.JPG,0,168,1548.667,1117.667
204,PRG_7314.JPG,0,150,1557.333,1112.333
205,PRG_7314.JPG,0,144,1573.333,1106.333
206,PRG_7314.JPG,0,158,1596,1103
207,PRG_7314.JPG,0,153,1615.333,1101.667
208,PRG_7314.JPG,0,125,1634,1097.667
209,PRG_7314.JPG,0,40,1661.333,1025
210,PRG_7314.JPG,0,24,1670,1025
211,PRG_7314.JPG,0,15,1676,1021
212,PRG_7314.JPG,0,14,1684,1021
213,PRG_7314.JPG,0,18,1677.333,1013.667
214,PRG_7314.JPG,0,25,1670.667,1014.333
215,PRG_7314.JPG,0,36,1659.333,1013.667
216,PRG_7314.JPG,0,115,1703.333,1141.667
217,PRG_7314.JPG,0,142,1720.667,1130.333
218,PRG_7314.JPG,0,170,1749.333,1133
219,PRG_7314.JPG,0,145,1777.333,1132.333
220,PRG_7314.JPG,0,157,1802.667,1136.333
221,PRG_7314.JPG,0,155,1820,1136.333
222,PRG_7314.JPG,0,159,1851.667,1418
223,PRG_7314.JPG,0,126,1857,1417.333
224,PRG_7314.JPG,0,168,1871,1405.333
225,PRG_7314.JPG,0,155,1883,1384.667
226,PRG_7314.JPG,0,137,1892.333,1367.333
227,PRG_7314.JPG,0,166,1906.333,1342.667
228,PRG_7314.JPG,0,126,1920.333,1324.667
229,PRG_7314.JPG,0,157,1929,1311.333
230,PRG_7314.JPG,0,159,1939.667,1290.667
231,PRG_7314.JPG,0,134,1948.333,1269.333
232,PRG_7314.JPG,0,154,1959.667,1260
233,PRG_7314.JPG,0,148,1971,1246
234,PRG_7314.JPG,0,142,1974.333,1229.333
235,PRG_7314.JPG,0,137,1981.667,1214
236,PRG_7314.JPG,0,140,1983.667,1205.333
237,PRG_7314.JPG,0,111,2166.333,1372
238,PRG_7314.JPG,0,140,2179,1386.667
239,PRG_7314.JPG,0,171,2238.333,939.333
240,PRG_7314.JPG,0,178,2215,956.667
241,PRG_7314.JPG,0,185,2208.333,972
242,PRG_7314.JPG,0,137,2197,994.667
243,PRG_7314.JPG,0,153,2179,1014
244,PRG_7314.JPG,0,150,2167,1025.333
245,PRG_7314.JPG,0,150,2161,1038.667
246,PRG_7314.JPG,0,119,2148.333,1045.333
247,PRG_7314.JPG,0,119,2137.667,1055.333
248,PRG_7314.JPG,0,90,2118.333,1072.667
249,PRG_7314.JPG,0,93,2108.333,1086
250,PRG_7314.JPG,0,78,2095,1104.667
251,PRG_7314.JPG,0,163,1745.667,1209.333
252,PRG_7314.JPG,0,158,1762.333,1202.667
253,PRG_7314.JPG,0,166,1801,1196
254,PRG_7314.JPG,0,151,1824.333,1189.333
255,PRG_7314.JPG,0,156,1837,1183.333
256,PRG_7314.JPG,0,139,1845.667,1169.333
257,PRG_7314.JPG,0,125,1868.333,1153.333
258,PRG_7314.JPG,0,120,1871.667,1146.667
259,PRG_7314.JPG,0,105,1880.333,1141.333
260,PRG_7314.JPG,0,109,1887.667,1139.333
261,PRG_7314.JPG,0,44,1879,1131.333
262,PRG_7314.JPG,0,57,1887.667,1125.333
263,PRG_7314.JPG,0,61,1573,1055.667
264,PRG_7314.JPG,0,53,1576.333,1050.333
265,PRG_7314.JPG,0,42,1588.333,1043
266,PRG_7314.JPG,0,59,1595.667,1037.667
267,PRG_7314.JPG,0,56,1602.333,1030.333
268,PRG_7314.JPG,0,21,1624.333,1032.333
269,PRG_7314.JPG,0,96,1634.333,1025
270,PRG_7314.JPG,0,43,1653.667,1019.667
271,PRG_7314.JPG,0,41,1651.667,1007
272,PRG_7314.JPG,0,46,1638.333,978.333
273,PRG_7314.JPG,0,44,1639,971.667
274,PRG_7314.JPG,0,52,1639.667,967.667
275,PRG_7314.JPG,0,28,1521,1001.667
276,PRG_7314.JPG,0,88,1511.667,988.333
277,PRG_7314.JPG,0,76,1514.333,981.667
278,PRG_7314.JPG,0,52,1512.333,960.333
279,PRG_7314.JPG,0,115,1491,996.333
280,PRG_7314.JPG,0,87,1481.667,1007
281,PRG_7314.JPG,0,146,1471.667,1014.333
282,PRG_7314.JPG,0,95,1455.667,1021.667
283,PRG_7314.JPG,0,132,1445,1026.333
284,PRG_7314.JPG,0,112,1433.667,1033
285,PRG_7314.JPG,0,134,1547.667,1362.333
286,PRG_7314.JPG,0,127,1571,1345
287,PRG_7314.JPG,0,137,1577.667,1338.333
288,PRG_7314.JPG,0,111,1591.667,1330.333
289,PRG_7314.JPG,0,108,1599.667,1325.667
290,PRG_7314.JPG,0,101,1610.333,1321.667
291,PRG_7314.JPG,0,17,1598.333,1362.333
292,PRG_7314.JPG,0,16,1607,1360.333
293,PRG_7314.JPG,0,16,1617.667,1358.333
294,PRG_7314.JPG,0,16,1628.333,1357
295,PRG_7314.JPG,0,15,1636.333,1357.667
296,PRG_7314.JPG,0,35,1639.667,1430
297,PRG_7314.JPG,0,31,1645.667,1418.667
298,PRG_7314.JPG,0,17,1615,1434.667
299,PRG_7314.JPG,0,16,1618.333,1430
300,PRG_7314.JPG,0,15,1620.333,1425.333
301,PRG_7314.JPG,0,162,904.667,1805.667
302,PRG_7314.JPG,0,161,920.667,1793.667
303,PRG_7314.JPG,0,158,934,1787
304,PRG_7314.JPG,0,143,1144,1821.667
305,PRG_7314.JPG,0,145,1154,1811.667
306,PRG_7314.JPG,0,156,680,1587
307,PRG_7314.JPG,0,148,710.667,1584.333
308,PRG_7314.JPG,0,152,728,1583.667
309,PRG_7314.JPG,0,146,752.667,1585.667
310,PRG_7314.JPG,0,148,774,1589.667
311,PRG_7314.JPG,0,146,784,1591
312,PRG_7314.JPG,0,113,727.333,1018.667
313,PRG_7314.JPG,0,120,753.333,1018.667
314,PRG_7314.JPG,0,115,783.333,1023.333
315,PRG_7314.JPG,0,132,828,1028
316,PRG_7314.JPG,0,111,867.333,1034.667
317,PRG_7314.JPG,0,110,909.333,1042.667
318,PRG_7314.JPG,0,121,1006,1053.333
319,PRG_7314.JPG,0,164,1032.667,1044.667
320,PRG_7314.JPG,0,168,1046.667,1043.333
321,PRG_7314.JPG,0,139,1069.333,1040
322,PRG_7314.JPG,0,148,1083.333,1036
323,PRG_7314.JPG,0,156,1058,1033.333
324,PRG_7314.JPG,0,158,1036,1028.667
325,PRG_7314.JPG,0,144,994.667,1024
326,PRG_7314.JPG,0,141,984,1018.667
327,PRG_7314.JPG,0,130,950,1011.333
328,PRG_7314.JPG,0,159,931.333,1005.333
329,PRG_7314.JPG,0,179,1039.667,760
330,PRG_7314.JPG,0,131,1061,769.333
331,PRG_7314.JPG,0,161,1108.333,787.333
332,PRG_7314.JPG,0,124,1158.333,811.333
333,PRG_7314.JPG,0,158,1180.333,827.333
334,PRG_7314.JPG,0,143,1201.667,842.667
335,PRG_7314.JPG,0,126,1222.333,859.333
336,PRG_7314.JPG,0,120,1241,871.333
337,PRG_7314.JPG,0,146,1531.333,682
338,PRG_7314.JPG,0,49,1540.667,698
339,PRG_7314.JPG,0,123,1559.333,715.333
340,PRG_7314.JPG,0,106,1571.333,733.333
341,PRG_7314.JPG,0,126,1576.667,738
342,PRG_7314.JPG,0,130,1826,824.667
343,PRG_7314.JPG,0,148,1840,826
344,PRG_7314.JPG,0,152,1862,848
345,PRG_7314.JPG,0,142,1883.333,866
346,PRG_7314.JPG,0,155,1900,877.333
347,PRG_7314.JPG,0,137,1922.667,890.667
348,PRG_7314.JPG,0,113,1937.333,904.667
349,PRG_7314.JPG,0,139,1944.667,928
350,PRG_7314.JPG,0,144,1978,941.333
351,PRG_7314.JPG,0,154,2124,525.333
352,PRG_7314.JPG,0,163,2120.667,534.667
353,PRG_7314.JPG,0,155,2119.333,555.333
354,PRG_7314.JPG,0,156,2153.333,526.667
355,PRG_7314.JPG,0,161,2145.333,532.667
356,PRG_7314.JPG,0,151,2140.667,540.667
357,PRG_7314.JPG,0,158,2140.667,550
358,PRG_7314.JPG,0,159,2138.667,562
359,PRG_7314.JPG,0,163,2136.667,568
360,PRG_7314.JPG,0,165,2134.667,576.667
361,PRG_7314.JPG,0,97,1700,511.333
362,PRG_7314.JPG,0,121,1720.667,530
363,PRG_7314.JPG,0,113,1724,545.333
364,PRG_7314.JPG,0,105,1725.333,558.667
365,PRG_7314.JPG,0,146,1720,485.333
366,PRG_7314.JPG,0,133,1728,494
367,PRG_7314.JPG,0,129,1742,516.667
368,PRG_7314.JPG,0,59,1770,544.667
369,PRG_7314.JPG,0,125,1780.667,564.667
370,PRG_7314.JPG,0,110,1791.333,580
371,PRG_7314.JPG,0,51,1678.667,799.333
372,PRG_7314.JPG,0,78,1684,810
373,PRG_7314.JPG,0,46,1686,826
374,PRG_7314.JPG,0,55,1694,840.667
375,PRG_7314.JPG,0,75,1698,833.333
376,PRG_7314.JPG,0,87,1697.333,816
377,PRG_7314.JPG,0,88,1699.333,806
378,PRG_7314.JPG,0,141,1639.667,1158
379,PRG_7314.JPG,0,149,1653.667,1157.333
380,PRG_7314.JPG,0,115,1678.333,1155.333
381,PRG_7314.JPG,0,130,1660.333,1126.667
382,PRG_7314.JPG,0,141,1669.667,1125.333
383,PRG_7314.JPG,0,44,1696.333,1124.667
384,PRG_7314.JPG,0,15,1689.667,1132
385,PRG_7314.JPG,0,12,1685,1137.333
386,PRG_7314.JPG,0,12,1791,1250.667
387,PRG_7314.JPG,0,88,1804.333,1237.333
388,PRG_7314.JPG,0,58,1807,1226.667
389,PRG_7314.JPG,0,17,1804.333,1222
390,PRG_7314.JPG,0,10,1793,1233.333
391,PRG_7314.JPG,0,12,1785.667,1234.667
392,PRG_7314.JPG,0,31,1771.667,1216.667
393,PRG_7314.JPG,0,85,1772.333,1224
394,PRG_7314.JPG,0,75,1789.667,1218
395,PRG_7314.JPG,0,153,1797,1213.333
396,PRG_7314.JPG,0,153,1596.333,1406
397,PRG_7314.JPG,0,144,1615.667,1397.333
398,PRG_7314.JPG,0,140,1629.667,1388
399,PRG_7314.JPG,0,144,1636.333,1383.333
400,Green,0,139,1819.667,1482.667
401,PRG_7314.JPG,0,119,1504,1126.333
402,PRG_7314.JPG,0,136,1529.333,1127
403,PRG_7314.JPG,0,140,1548.667,1117.667
404,PRG_7314.JPG,0,117,1557.333,1112.333
405,PRG_7314.JPG,0,112,1573.333,1106.333
406,PRG_7314.JPG,0,128,1596,1103
407,PRG_7314.JPG,0,122,1615.333,1101.667
408,PRG_7314.JPG,0,82,1634,1097.667
409,PRG_7314.JPG,0,18,1661.333,1025
410,PRG_7314.JPG,0,17,1670,1025
411,PRG_7314.JPG,0,8,1676,1021
412,PRG_7314.JPG,0,9,1684,1021
413,PRG_7314.JPG,0,11,1677.333,1013.667
414,PRG_7314.JPG,0,18,1670.667,1014.333
415,PRG_7314.JPG,0,17,1659.333,1013.667
416,PRG_7314.JPG,0,56,1703.333,1141.667
417,PRG_7314.JPG,0,93,1720.667,1130.333
418,PRG_7314.JPG,0,125,1749.333,1133
419,PRG_7314.JPG,0,95,1777.333,1132.333
420,PRG_7314.JPG,0,113,1802.667,1136.333
421,PRG_7314.JPG,0,109,1820,1136.333
422,PRG_7314.JPG,0,126,1851.667,1418
423,PRG_7314.JPG,0,86,1857,1417.333
424,PRG_7314.JPG,0,136,1871,1405.333
425,PRG_7314.JPG,0,104,1883,1384.667
426,PRG_7314.JPG,0,85,1892.333,1367.333
427,PRG_7314.JPG,0,128,1906.333,1342.667
428,PRG_7314.JPG,0,71,1920.333,1324.667
429,PRG_7314.JPG,0,107,1929,1311.333
430,PRG_7314.JPG,0,115,1939.667,1290.667
431,PRG_7314.JPG,0,77,1948.333,1269.333
432,PRG_7314.JPG,0,97,1959.667,1260
433,PRG_7314.JPG,0,77,1971,1246
434,PRG_7314.JPG,0,63,1974.333,1229.333
435,PRG_7314.JPG,0,60,1981.667,1214
436,PRG_7314.JPG,0,57,1983.667,1205.333
437,PRG_7314.JPG,0,57,2166.333,1372
438,PRG_7314.JPG,0,88,2179,1386.667
439,PRG_7314.JPG,0,143,2238.333,939.333
440,PRG_7314.JPG,0,152,2215,956.667
441,PRG_7314.JPG,0,151,2208.333,972
442,PRG_7314.JPG,0,107,2197,994.667
443,PRG_7314.JPG,0,111,2179,1014
444,PRG_7314.JPG,0,102,2167,1025.333
445,PRG_7314.JPG,0,100,2161,1038.667
446,PRG_7314.JPG,0,59,2148.333,1045.333
447,PRG_7314.JPG,0,62,2137.667,1055.333
448,PRG_7314.JPG,0,38,2118.333,1072.667
449,PRG_7314.JPG,0,44,2108.333,1086
450,PRG_7314.JPG,0,38,2095,1104.667
451,PRG_7314.JPG,0,122,1745.667,1209.333
452,PRG_7314.JPG,0,117,1762.333,1202.667
453,PRG_7314.JPG,0,119,1801,1196
454,PRG_7314.JPG,0,99,1824.333,1189.333
455,PRG_7314.JPG,0,109,1837,1183.333
456,PRG_7314.JPG,0,78,1845.667,1169.333
457,PRG_7314.JPG,0,65,1868.333,1153.333
458,PRG_7314.JPG,0,68,1871.667,1146.667
459,PRG_7314.JPG,0,57,1880.333,1141.333
460,PRG_7314.JPG,0,50,1887.667,1139.333
461,PRG_7314.JPG,0,18,1879,1131.333
462,PRG_7314.JPG,0,32,1887.667,1125.333
463,PRG_7314.JPG,0,27,1573,1055.667
464,PRG_7314.JPG,0,22,1576.333,1050.333
465,PRG_7314.JPG,0,19,1588.333,1043
466,PRG_7314.JPG,0,21,1595.667,1037.667
467,PRG_7314.JPG,0,22,1602.333,1030.333
468,PRG_7314.JPG,0,11,1624.333,1032.333
469,PRG_7314.JPG,0,57,1634.333,1025
470,PRG_7314.JPG,0,17,1653.667,1019.667
471,PRG_7314.JPG,0,20,1651.667,1007
472,PRG_7314.JPG,0,24,1638.333,978.333
473,PRG_7314.JPG,0,22,1639,971.667
474,PRG_7314.JPG,0,24,1639.667,967.667
475,PRG_7314.JPG,0,2,1521,1001.667
476,PRG_7314.JPG,0,48,1511.667,988.333
477,PRG_7314.JPG,0,40,1514.333,981.667
478,PRG_7314.JPG,0,34,1512.333,960.333
479,PRG_7314.JPG,0,54,1491,996.333
480,PRG_7314.JPG,0,45,1481.667,1007
481,PRG_7314.JPG,0,102,1471.667,1014.333
482,PRG_7314.JPG,0,49,1455.667,1021.667
483,PRG_7314.JPG,0,77,1445,1026.333
484,PRG_7314.JPG,0,64,1433.667,1033
485,PRG_7314.JPG,0,82,1547.667,1362.333
486,PRG_7314.JPG,0,64,1571,1345
487,PRG_7314.JPG,0,72,1577.667,1338.333
488,PRG_7314.JPG,0,39,1591.667,1330.333
489,PRG_7314.JPG,0,36,1599.667,1325.667
490,PRG_7314.JPG,0,26,1610.333,1321.667
491,PRG_7314.JPG,0,10,1598.333,1362.333
492,PRG_7314.JPG,0,9,1607,1360.333
493,PRG_7314.JPG,0,9,1617.667,1358.333
494,PRG_7314.JPG,0,11,1628.333,1357
495,PRG_7314.JPG,0,8,1636.333,1357.667
496,PRG_7314.JPG,0,21,1639.667,1430
497,PRG_7314.JPG,0,20,1645.667,1418.667
498,PRG_7314.JPG,0,12,1615,1434.667
499,PRG_7314.JPG,0,11,1618.333,1430
500,PRG_7314.JPG,0,10,1620.333,1425.333
501,PRG_7314.JPG,0,126,904.667,1805.667
502,PRG_7314.JPG,0,125,920.667,1793.667
503,PRG_7314.JPG,0,123,934,1787
504,PRG_7314.JPG,0,98,1144,1821.667
505,PRG_7314.JPG,0,98,1154,1811.667
506,PRG_7314.JPG,0,127,680,1587
507,PRG_7314.JPG,0,118,710.667,1584.333
508,PRG_7314.JPG,0,125,728,1583.667
509,PRG_7314.JPG,0,111,752.667,1585.667
510,PRG_7314.JPG,0,119,774,1589.667
511,PRG_7314.JPG,0,120,784,1591
512,PRG_7314.JPG,0,82,727.333,1018.667
513,PRG_7314.JPG,0,89,753.333,1018.667
514,PRG_7314.JPG,0,88,783.333,1023.333
515,PRG_7314.JPG,0,92,828,1028
516,PRG_7314.JPG,0,83,867.333,1034.667
517,PRG_7314.JPG,0,82,909.333,1042.667
518,PRG_7314.JPG,0,72,1006,1053.333
519,PRG_7314.JPG,0,122,1032.667,1044.667
520,PRG_7314.JPG,0,124,1046.667,1043.333
521,PRG_7314.JPG,0,88,1069.333,1040
522,PRG_7314.JPG,0,99,1083.333,1036
523,PRG_7314.JPG,0,109,1058,1033.333
524,PRG_7314.JPG,0,118,1036,1028.667
525,PRG_7314.JPG,0,102,994.667,1024
526,PRG_7314.JPG,0,95,984,1018.667
527,PRG_7314.JPG,0,84,950,1011.333
528,PRG_7314.JPG,0,120,931.333,1005.333
529,PRG_7314.JPG,0,156,1039.667,760
530,PRG_7314.JPG,0,100,1061,769.333
531,PRG_7314.JPG,0,125,1108.333,787.333
532,PRG_7314.JPG,0,73,1158.333,811.333
533,PRG_7314.JPG,0,114,1180.333,827.333
534,PRG_7314.JPG,0,86,1201.667,842.667
535,PRG_7314.JPG,0,68,1222.333,859.333
536,PRG_7314.JPG,0,63,1241,871.333
537,PRG_7314.JPG,0,82,1531.333,682
538,PRG_7314.JPG,0,12,1540.667,698
539,PRG_7314.JPG,0,63,1559.333,715.333
540,PRG_7314.JPG,0,56,1571.333,733.333
541,PRG_7314.JPG,0,69,1576.667,738
542,PRG_7314.JPG,0,87,1826,824.667
543,PRG_7314.JPG,0,108,1840,826
544,PRG_7314.JPG,0,95,1862,848
545,PRG_7314.JPG,0,99,1883.333,866
546,PRG_7314.JPG,0,110,1900,877.333
547,PRG_7314.JPG,0,82,1922.667,890.667
548,PRG_7314.JPG,0,78,1937.333,904.667
549,PRG_7314.JPG,0,91,1944.667,928
550,PRG_7314.JPG,0,73,1978,941.333
551,PRG_7314.JPG,0,116,2124,525.333
552,PRG_7314.JPG,0,124,2120.667,534.667
553,PRG_7314.JPG,0,112,2119.333,555.333
554,PRG_7314.JPG,0,127,2153.333,526.667
555,PRG_7314.JPG,0,132,2145.333,532.667
556,PRG_7314.JPG,0,112,2140.667,540.667
557,PRG_7314.JPG,0,128,2140.667,550
558,PRG_7314.JPG,0,129,2138.667,562
559,PRG_7314.JPG,0,133,2136.667,568
560,PRG_7314.JPG,0,136,2134.667,576.667
561,PRG_7314.JPG,0,60,1700,511.333
562,PRG_7314.JPG,0,84,1720.667,530
563,PRG_7314.JPG,0,77,1724,545.333
564,PRG_7314.JPG,0,74,1725.333,558.667
565,PRG_7314.JPG,0,113,1720,485.333
566,PRG_7314.JPG,0,95,1728,494
567,PRG_7314.JPG,0,85,1742,516.667
568,PRG_7314.JPG,0,32,1770,544.667
569,PRG_7314.JPG,0,68,1780.667,564.667
570,PRG_7314.JPG,0,54,1791.333,580
571,PRG_7314.JPG,0,28,1678.667,799.333
572,PRG_7314.JPG,0,46,1684,810
573,PRG_7314.JPG,0,24,1686,826
574,PRG_7314.JPG,0,16,1694,840.667
575,PRG_7314.JPG,0,24,1698,833.333
576,PRG_7314.JPG,0,28,1697.333,816
577,PRG_7314.JPG,0,28,1699.333,806
578,PRG_7314.JPG,0,90,1639.667,1158
579,PRG_7314.JPG,0,98,1653.667,1157.333
580,PRG_7314.JPG,0,49,1678.333,1155.333
581,PRG_7314.JPG,0,76,1660.333,1126.667
582,PRG_7314.JPG,0,78,1669.667,1125.333
583,PRG_7314.JPG,0,23,1696.333,1124.667
584,PRG_7314.JPG,0,5,1689.667,1132
585,PRG_7314.JPG,0,4,1685,1137.333
586,PRG_7314.JPG,0,7,1791,1250.667
587,PRG_7314.JPG,0,46,1804.333,1237.333
588,PRG_7314.JPG,0,28,1807,1226.667
589,PRG_7314.JPG,0,10,1804.333,1222
590,PRG_7314.JPG,0,5,1793,1233.333
591,PRG_7314.JPG,0,7,1785.667,1234.667
592,PRG_7314.JPG,0,14,1771.667,1216.667
593,PRG_7314.JPG,0,52,1772.333,1224
594,PRG_7314.JPG,0,35,1789.667,1218
595,PRG_7314.JPG,0,105,1797,1213.333
596,PRG_7314.JPG,0,99,1596.333,1406
597,PRG_7314.JPG,0,93,1615.667,1397.333
598,PRG_7314.JPG,0,86,1629.667,1388
599,PRG_7314.JPG,0,88,1636.333,1383.333
600,Blue,0,88,1819.667,1482.667
601,PRG_7314.JPG,0,134,1504,1126.333
602,PRG_7314.JPG,0,146,1529.333,1127
603,PRG_7314.JPG,0,149,1548.667,1117.667
604,PRG_7314.JPG,0,127,1557.333,1112.333
605,PRG_7314.JPG,0,122,1573.333,1106.333
606,PRG_7314.JPG,0,136,1596,1103
607,PRG_7314.JPG,0,132,1615.333,1101.667
608,PRG_7314.JPG,0,100,1634,1097.667
609,PRG_7314.JPG,0,29,1661.333,1025
610,PRG_7314.JPG,0,20,1670,1025
611,PRG_7314.JPG,0,12,1676,1021
612,PRG_7314.JPG,0,12,1684,1021
613,PRG_7314.JPG,0,15,1677.333,1013.667
614,PRG_7314.JPG,0,21,1670.667,1014.333
615,PRG_7314.JPG,0,27,1659.333,1013.667
616,PRG_7314.JPG,0,86,1703.333,1141.667
617,PRG_7314.JPG,0,113,1720.667,1130.333
618,PRG_7314.JPG,0,144,1749.333,1133
619,PRG_7314.JPG,0,117,1777.333,1132.333
620,PRG_7314.JPG,0,133,1802.667,1136.333
621,PRG_7314.JPG,0,130,1820,1136.333
622,PRG_7314.JPG,0,141,1851.667,1418
623,PRG_7314.JPG,0,104,1857,1417.333
624,PRG_7314.JPG,0,149,1871,1405.333
625,PRG_7314.JPG,0,126,1883,1384.667
626,PRG_7314.JPG,0,107,1892.333,1367.333
627,PRG_7314.JPG,0,143,1906.333,1342.667
628,PRG_7314.JPG,0,95,1920.333,1324.667
629,PRG_7314.JPG,0,129,1929,1311.333
630,PRG_7314.JPG,0,134,1939.667,1290.667
631,PRG_7314.JPG,0,107,1948.333,1269.333
632,PRG_7314.JPG,0,124,1959.667,1260
633,PRG_7314.JPG,0,110,1971,1246
634,PRG_7314.JPG,0,102,1974.333,1229.333
635,PRG_7314.JPG,0,99,1981.667,1214
636,PRG_7314.JPG,0,99,1983.667,1205.333
637,PRG_7314.JPG,0,79,2166.333,1372
638,PRG_7314.JPG,0,110,2179,1386.667
639,PRG_7314.JPG,0,154,2238.333,939.333
640,PRG_7314.JPG,0,163,2215,956.667
641,PRG_7314.JPG,0,166,2208.333,972
642,PRG_7314.JPG,0,119,2197,994.667
643,PRG_7314.JPG,0,129,2179,1014
644,PRG_7314.JPG,0,122,2167,1025.333
645,PRG_7314.JPG,0,123,2161,1038.667
646,PRG_7314.JPG,0,86,2148.333,1045.333
647,PRG_7314.JPG,0,89,2137.667,1055.333
648,PRG_7314.JPG,0,60,2118.333,1072.667
649,PRG_7314.JPG,0,66,2108.333,1086
650,PRG_7314.JPG,0,56,2095,1104.667
651,PRG_7314.JPG,0,139,1745.667,1209.333
652,PRG_7314.JPG,0,135,1762.333,1202.667
653,PRG_7314.JPG,0,139,1801,1196
654,PRG_7314.JPG,0,124,1824.333,1189.333
655,PRG_7314.JPG,0,129,1837,1183.333
656,PRG_7314.JPG,0,107,1845.667,1169.333
657,PRG_7314.JPG,0,95,1868.333,1153.333
658,PRG_7314.JPG,0,95,1871.667,1146.667
659,PRG_7314.JPG,0,81,1880.333,1141.333
660,PRG_7314.JPG,0,79,1887.667,1139.333
661,PRG_7314.JPG,0,31,1879,1131.333
662,PRG_7314.JPG,0,45,1887.667,1125.333
663,PRG_7314.JPG,0,42,1573,1055.667
664,PRG_7314.JPG,0,36,1576.333,1050.333
665,PRG_7314.JPG,0,30,1588.333,1043
666,PRG_7314.JPG,0,39,1595.667,1037.667
667,PRG_7314.JPG,0,39,1602.333,1030.333
668,PRG_7314.JPG,0,16,1624.333,1032.333
669,PRG_7314.JPG,0,72,1634.333,1025
670,PRG_7314.JPG,0,30,1653.667,1019.667
671,PRG_7314.JPG,0,31,1651.667,1007
672,PRG_7314.JPG,0,35,1638.333,978.333
673,PRG_7314.JPG,0,33,1639,971.667
674,PRG_7314.JPG,0,36,1639.667,967.667
675,PRG_7314.JPG,0,17,1521,1001.667
676,PRG_7314.JPG,0,63,1511.667,988.333
677,PRG_7314.JPG,0,54,1514.333,981.667
678,PRG_7314.JPG,0,40,1512.333,960.333
679,PRG_7314.JPG,0,83,1491,996.333
680,PRG_7314.JPG,0,61,1481.667,1007
681,PRG_7314.JPG,0,118,1471.667,1014.333
682,PRG_7314.JPG,0,68,1455.667,1021.667
683,PRG_7314.JPG,0,98,1445,1026.333
684,PRG_7314.JPG,0,82,1433.667,1033
685,PRG_7314.JPG,0,107,1547.667,1362.333
686,PRG_7314.JPG,0,92,1571,1345
687,PRG_7314.JPG,0,100,1577.667,1338.333
688,PRG_7314.JPG,0,72,1591.667,1330.333
689,PRG_7314.JPG,0,69,1599.667,1325.667
690,PRG_7314.JPG,0,61,1610.333,1321.667
691,PRG_7314.JPG,0,14,1598.333,1362.333
692,PRG_7314.JPG,0,13,1607,1360.333
693,PRG_7314.JPG,0,13,1617.667,1358.333
694,PRG_7314.JPG,0,14,1628.333,1357
695,PRG_7314.JPG,0,12,1636.333,1357.667
696,PRG_7314.JPG,0,27,1639.667,1430
697,PRG_7314.JPG,0,24,1645.667,1418.667
698,PRG_7314.JPG,0,15,1615,1434.667
699,PRG_7314.JPG,0,14,1618.333,1430
700,PRG_7314.JPG,0,14,1620.333,1425.333
701,PRG_7314.JPG,0,142,904.667,1805.667
702,PRG_7314.JPG,0,141,920.667,1793.667
703,PRG_7314.JPG,0,142,934,1787
704,PRG_7314.JPG,0,119,1144,1821.667
705,PRG_7314.JPG,0,119,1154,1811.667
706,PRG_7314.JPG,0,139,680,1587
707,PRG_7314.JPG,0,130,710.667,1584.333
708,PRG_7314.JPG,0,136,728,1583.667
709,PRG_7314.JPG,0,123,752.667,1585.667
710,PRG_7314.JPG,0,130,774,1589.667
711,PRG_7314.JPG,0,133,784,1591
712,PRG_7314.JPG,0,93,727.333,1018.667
713,PRG_7314.JPG,0,99,753.333,1018.667
714,PRG_7314.JPG,0,97,783.333,1023.333
715,PRG_7314.JPG,0,109,828,1028
716,PRG_7314.JPG,0,94,867.333,1034.667
717,PRG_7314.JPG,0,94,909.333,1042.667
718,PRG_7314.JPG,0,95,1006,1053.333
719,PRG_7314.JPG,0,140,1032.667,1044.667
720,PRG_7314.JPG,0,143,1046.667,1043.333
721,PRG_7314.JPG,0,109,1069.333,1040
722,PRG_7314.JPG,0,121,1083.333,1036
723,PRG_7314.JPG,0,129,1058,1033.333
724,PRG_7314.JPG,0,135,1036,1028.667
725,PRG_7314.JPG,0,120,994.667,1024
726,PRG_7314.JPG,0,114,984,1018.667
727,PRG_7314.JPG,0,103,950,1011.333
728,PRG_7314.JPG,0,135,931.333,1005.333
729,PRG_7314.JPG,0,164,1039.667,760
730,PRG_7314.JPG,0,111,1061,769.333
731,PRG_7314.JPG,0,139,1108.333,787.333
732,PRG_7314.JPG,0,94,1158.333,811.333
733,PRG_7314.JPG,0,131,1180.333,827.333
734,PRG_7314.JPG,0,111,1201.667,842.667
735,PRG_7314.JPG,0,95,1222.333,859.333
736,PRG_7314.JPG,0,88,1241,871.333
737,PRG_7314.JPG,0,113,1531.333,682
738,PRG_7314.JPG,0,30,1540.667,698
739,PRG_7314.JPG,0,92,1559.333,715.333
740,PRG_7314.JPG,0,81,1571.333,733.333
741,PRG_7314.JPG,0,96,1576.667,738
742,PRG_7314.JPG,0,103,1826,824.667
743,PRG_7314.JPG,0,123,1840,826
744,PRG_7314.JPG,0,122,1862,848
745,PRG_7314.JPG,0,117,1883.333,866
746,PRG_7314.JPG,0,129,1900,877.333
747,PRG_7314.JPG,0,106,1922.667,890.667
748,PRG_7314.JPG,0,90,1937.333,904.667
749,PRG_7314.JPG,0,111,1944.667,928
750,PRG_7314.JPG,0,109,1978,941.333
751,PRG_7314.JPG,0,134,2124,525.333
752,PRG_7314.JPG,0,143,2120.667,534.667
753,PRG_7314.JPG,0,132,2119.333,555.333
754,PRG_7314.JPG,0,139,2153.333,526.667
755,PRG_7314.JPG,0,143,2145.333,532.667
756,PRG_7314.JPG,0,130,2140.667,540.667
757,PRG_7314.JPG,0,138,2140.667,550
758,PRG_7314.JPG,0,139,2138.667,562
759,PRG_7314.JPG,0,143,2136.667,568
760,PRG_7314.JPG,0,147,2134.667,576.667
761,PRG_7314.JPG,0,81,1700,511.333
762,PRG_7314.JPG,0,97,1720.667,530
763,PRG_7314.JPG,0,89,1724,545.333
764,PRG_7314.JPG,0,85,1725.333,558.667
765,PRG_7314.JPG,0,126,1720,485.333
766,PRG_7314.JPG,0,110,1728,494
767,PRG_7314.JPG,0,102,1742,516.667
768,PRG_7314.JPG,0,49,1770,544.667
769,PRG_7314.JPG,0,93,1780.667,564.667
770,PRG_7314.JPG,0,80,1791.333,580
771,PRG_7314.JPG,0,38,1678.667,799.333
772,PRG_7314.JPG,0,59,1684,810
773,PRG_7314.JPG,0,33,1686,826
774,PRG_7314.JPG,0,35,1694,840.667
775,PRG_7314.JPG,0,49,1698,833.333
776,PRG_7314.JPG,0,57,1697.333,816
777,PRG_7314.JPG,0,58,1699.333,806
778,PRG_7314.JPG,0,112,1639.667,1158
779,PRG_7314.JPG,0,120,1653.667,1157.333
780,PRG_7314.JPG,0,81,1678.333,1155.333
781,PRG_7314.JPG,0,100,1660.333,1126.667
782,PRG_7314.JPG,0,106,1669.667,1125.333
783,PRG_7314.JPG,0,32,1696.333,1124.667
784,PRG_7314.JPG,0,10,1689.667,1132
785,PRG_7314.JPG,0,9,1685,1137.333
786,PRG_7314.JPG,0,10,1791,1250.667
787,PRG_7314.JPG,0,66,1804.333,1237.333
788,PRG_7314.JPG,0,44,1807,1226.667
789,PRG_7314.JPG,0,14,1804.333,1222
790,PRG_7314.JPG,0,8,1793,1233.333
791,PRG_7314.JPG,0,10,1785.667,1234.667
792,PRG_7314.JPG,0,22,1771.667,1216.667
793,PRG_7314.JPG,0,65,1772.333,1224
794,PRG_7314.JPG,0,53,1789.667,1218
795,PRG_7314.JPG,0,127,1797,1213.333
796,PRG_7314.JPG,0,123,1596.333,1406
797,PRG_7314.JPG,0,114,1615.667,1397.333
798,PRG_7314.JPG,0,108,1629.667,1388
799,PRG_7314.JPG,0,111,1636.333,1383.333
800,(R+G+B)/3,0,109,1819.667,1482.667
801,PRG_7314.JPG,0,144,1504,1126.333
802,PRG_7314.JPG,0,154,1529.333,1127
803,PRG_7314.JPG,0,156,1548.667,1117.667
804,PRG_7314.JPG,0,135,1557.333,1112.333
805,PRG_7314.JPG,0,130,1573.333,1106.333
806,PRG_7314.JPG,0,144,1596,1103
807,PRG_7314.JPG,0,140,1615.333,1101.667
808,PRG_7314.JPG,0,110,1634,1097.667
809,PRG_7314.JPG,0,34,1661.333,1025
810,PRG_7314.JPG,0,22,1670,1025
811,PRG_7314.JPG,0,13,1676,1021
812,PRG_7314.JPG,0,13,1684,1021
813,PRG_7314.JPG,0,16,1677.333,1013.667
814,PRG_7314.JPG,0,23,1670.667,1014.333
815,PRG_7314.JPG,0,31,1659.333,1013.667
816,PRG_7314.JPG,0,100,1703.333,1141.667
817,PRG_7314.JPG,0,125,1720.667,1130.333
818,PRG_7314.JPG,0,155,1749.333,1133
819,PRG_7314.JPG,0,129,1777.333,1132.333
820,PRG_7314.JPG,0,143,1802.667,1136.333
821,PRG_7314.JPG,0,141,1820,1136.333
822,PRG_7314.JPG,0,149,1851.667,1418
823,PRG_7314.JPG,0,114,1857,1417.333
824,PRG_7314.JPG,0,157,1871,1405.333
825,PRG_7314.JPG,0,138,1883,1384.667
826,PRG_7314.JPG,0,120,1892.333,1367.333
827,PRG_7314.JPG,0,153,1906.333,1342.667
828,PRG_7314.JPG,0,108,1920.333,1324.667
829,PRG_7314.JPG,0,141,1929,1311.333
830,PRG_7314.JPG,0,145,1939.667,1290.667
831,PRG_7314.JPG,0,120,1948.333,1269.333
832,PRG_7314.JPG,0,138,1959.667,1260
833,PRG_7314.JPG,0,127,1971,1246
834,PRG_7314.JPG,0,121,1974.333,1229.333
835,PRG_7314.JPG,0,117,1981.667,1214
836,PRG_7314.JPG,0,119,1983.667,1205.333
837,PRG_7314.JPG,0,92,2166.333,1372
838,PRG_7314.JPG,0,123,2179,1386.667
839,PRG_7314.JPG,0,161,2238.333,939.333
840,PRG_7314.JPG,0,170,2215,956.667
841,PRG_7314.JPG,0,174,2208.333,972
842,PRG_7314.JPG,0,126,2197,994.667
843,PRG_7314.JPG,0,139,2179,1014
844,PRG_7314.JPG,0,134,2167,1025.333
845,PRG_7314.JPG,0,135,2161,1038.667
846,PRG_7314.JPG,0,100,2148.333,1045.333
847,PRG_7314.JPG,0,103,2137.667,1055.333
848,PRG_7314.JPG,0,73,2118.333,1072.667
849,PRG_7314.JPG,0,78,2108.333,1086
850,PRG_7314.JPG,0,66,2095,1104.667
851,PRG_7314.JPG,0,149,1745.667,1209.333
852,PRG_7314.JPG,0,145,1762.333,1202.667
853,PRG_7314.JPG,0,151,1801,1196
854,PRG_7314.JPG,0,136,1824.333,1189.333
855,PRG_7314.JPG,0,141,1837,1183.333
856,PRG_7314.JPG,0,121,1845.667,1169.333
857,PRG_7314.JPG,0,109,1868.333,1153.333
858,PRG_7314.JPG,0,107,1871.667,1146.667
859,PRG_7314.JPG,0,92,1880.333,1141.333
860,PRG_7314.JPG,0,93,1887.667,1139.333
861,PRG_7314.JPG,0,37,1879,1131.333
862,PRG_7314.JPG,0,51,1887.667,1125.333
863,PRG_7314.JPG,0,50,1573,1055.667
864,PRG_7314.JPG,0,43,1576.333,1050.333
865,PRG_7314.JPG,0,35,1588.333,1043
866,PRG_7314.JPG,0,48,1595.667,1037.667
867,PRG_7314.JPG,0,47,1602.333,1030.333
868,PRG_7314.JPG,0,18,1624.333,1032.333
869,PRG_7314.JPG,0,82,1634.333,1025
870,PRG_7314.JPG,0,36,1653.667,1019.667
871,PRG_7314.JPG,0,36,1651.667,1007
872,PRG_7314.JPG,0,40,1638.333,978.333
873,PRG_7314.JPG,0,38,1639,971.667
874,PRG_7314.JPG,0,43,1639.667,967.667
875,PRG_7314.JPG,0,23,1521,1001.667
876,PRG_7314.JPG,0,73,1511.667,988.333
877,PRG_7314.JPG,0,63,1514.333,981.667
878,PRG_7314.JPG,0,45,1512.333,960.333
879,PRG_7314.JPG,0,98,1491,996.333
880,PRG_7314.JPG,0,72,1481.667,1007
881,PRG_7314.JPG,0,129,1471.667,1014.333
882,PRG_7314.JPG,0,79,1455.667,1021.667
883,PRG_7314.JPG,0,112,1445,1026.333
884,PRG_7314.JPG,0,94,1433.667,1033
885,PRG_7314.JPG,0,119,1547.667,1362.333
886,PRG_7314.JPG,0,107,1571,1345
887,PRG_7314.JPG,0,116,1577.667,1338.333
888,PRG_7314.JPG,0,89,1591.667,1330.333
889,PRG_7314.JPG,0,86,1599.667,1325.667
890,PRG_7314.JPG,0,79,1610.333,1321.667
891,PRG_7314.JPG,0,15,1598.333,1362.333
892,PRG_7314.JPG,0,14,1607,1360.333
893,PRG_7314.JPG,0,14,1617.667,1358.333
894,PRG_7314.JPG,0,15,1628.333,1357
895,PRG_7314.JPG,0,13,1636.333,1357.667
896,PRG_7314.JPG,0,30,1639.667,1430
897,PRG_7314.JPG,0,27,1645.667,1418.667
898,PRG_7314.JPG,0,16,1615,1434.667
899,PRG_7314.JPG,0,15,1618.333,1430
900,PRG_7314.JPG,0,15,1620.333,1425.333
901,PRG_7314.JPG,0,151,904.667,1805.667
902,PRG_7314.JPG,0,150,920.667,1793.667
903,PRG_7314.JPG,0,150,934,1787
904,PRG_7314.JPG,0,130,1144,1821.667
905,PRG_7314.JPG,0,130,1154,1811.667
906,PRG_7314.JPG,0,146,680,1587
907,PRG_7314.JPG,0,137,710.667,1584.333
908,PRG_7314.JPG,0,143,728,1583.667
909,PRG_7314.JPG,0,132,752.667,1585.667
910,PRG_7314.JPG,0,137,774,1589.667
911,PRG_7314.JPG,0,139,784,1591
912,PRG_7314.JPG,0,101,727.333,1018.667
913,PRG_7314.JPG,0,107,753.333,1018.667
914,PRG_7314.JPG,0,104,783.333,1023.333
915,PRG_7314.JPG,0,119,828,1028
916,PRG_7314.JPG,0,101,867.333,1034.667
917,PRG_7314.JPG,0,101,909.333,1042.667
918,PRG_7314.JPG,0,107,1006,1053.333
919,PRG_7314.JPG,0,150,1032.667,1044.667
920,PRG_7314.JPG,0,154,1046.667,1043.333
921,PRG_7314.JPG,0,122,1069.333,1040
922,PRG_7314.JPG,0,133,1083.333,1036
923,PRG_7314.JPG,0,141,1058,1033.333
924,PRG_7314.JPG,0,145,1036,1028.667
925,PRG_7314.JPG,0,130,994.667,1024
926,PRG_7314.JPG,0,125,984,1018.667
927,PRG_7314.JPG,0,114,950,1011.333
928,PRG_7314.JPG,0,145,931.333,1005.333
929,PRG_7314.JPG,0,170,1039.667,760
930,PRG_7314.JPG,0,119,1061,769.333
931,PRG_7314.JPG,0,148,1108.333,787.333
932,PRG_7314.JPG,0,107,1158.333,811.333
933,PRG_7314.JPG,0,142,1180.333,827.333
934,PRG_7314.JPG,0,125,1201.667,842.667
935,PRG_7314.JPG,0,109,1222.333,859.333
936,PRG_7314.JPG,0,102,1241,871.333
937,PRG_7314.JPG,0,128,1531.333,682
938,PRG_7314.JPG,0,39,1540.667,698
939,PRG_7314.JPG,0,106,1559.333,715.333
940,PRG_7314.JPG,0,93,1571.333,733.333
941,PRG_7314.JPG,0,110,1576.667,738
942,PRG_7314.JPG,0,114,1826,824.667
943,PRG_7314.JPG,0,133,1840,826
944,PRG_7314.JPG,0,136,1862,848
945,PRG_7314.JPG,0,127,1883.333,866
946,PRG_7314.JPG,0,140,1900,877.333
947,PRG_7314.JPG,0,119,1922.667,890.667
948,PRG_7314.JPG,0,99,1937.333,904.667
949,PRG_7314.JPG,0,123,1944.667,928
950,PRG_7314.JPG,0,126,1978,941.333
951,PRG_7314.JPG,0,143,2124,525.333
952,PRG_7314.JPG,0,152,2120.667,534.667
953,PRG_7314.JPG,0,142,2119.333,555.333
954,PRG_7314.JPG,0,146,2153.333,526.667
955,PRG_7314.JPG,0,150,2145.333,532.667
956,PRG_7314.JPG,0,139,2140.667,540.667
957,PRG_7314.JPG,0,146,2140.667,550
958,PRG_7314.JPG,0,147,2138.667,562
959,PRG_7314.JPG,0,151,2136.667,568
960,PRG_7314.JPG,0,154,2134.667,576.667
961,PRG_7314.JPG,0,90,1700,511.333
962,PRG_7314.JPG,0,107,1720.667,530
963,PRG_7314.JPG,0,98,1724,545.333
964,PRG_7314.JPG,0,93,1725.333,558.667
965,PRG_7314.JPG,0,134,1720,485.333
966,PRG_7314.JPG,0,120,1728,494
967,PRG_7314.JPG,0,113,1742,516.667
968,PRG_7314.JPG,0,55,1770,544.667
969,PRG_7314.JPG,0,107,1780.667,564.667
970,PRG_7314.JPG,0,93,1791.333,580
971,PRG_7314.JPG,0,44,1678.667,799.333
972,PRG_7314.JPG,0,67,1684,810
973,PRG_7314.JPG,0,38,1686,826
974,PRG_7314.JPG,0,44,1694,840.667
975,PRG_7314.JPG,0,61,1698,833.333
976,PRG_7314.JPG,0,71,1697.333,816
977,PRG_7314.JPG,0,72,1699.333,806
978,PRG_7314.JPG,0,124,1639.667,1158
979,PRG_7314.JPG,0,132,1653.667,1157.333
980,PRG_7314.JPG,0,97,1678.333,1155.333
981,PRG_7314.JPG,0,113,1660.333,1126.667
982,PRG_7314.JPG,0,121,1669.667,1125.333
983,PRG_7314.JPG,0,37,1696.333,1124.667
984,PRG_7314.JPG,0,12,1689.667,1132
985,PRG_7314.JPG,0,11,1685,1137.333
986,PRG_7314.JPG,0,11,1791,1250.667
987,PRG_7314.JPG,0,76,1804.333,1237.333
988,PRG_7314.JPG,0,51,1807,1226.667
989,PRG_7314.JPG,0,15,1804.333,1222
990,PRG_7314.JPG,0,9,1793,1233.333
991,PRG_7314.JPG,0,11,1785.667,1234.667
992,PRG_7314.JPG,0,26,1771.667,1216.667
993,PRG_7314.JPG,0,73,1772.333,1224
994,PRG_7314.JPG,0,63,1789.667,1218
995,PRG_7314.JPG,0,139,1797,1213.333
996,PRG_7314.JPG,0,136,1596.333,1406
997,PRG_7314.JPG,0,127,1615.667,1397.333
998,PRG_7314.JPG,0,121,1629.667,1388
999,PRG_7314.JPG,0,125,1636.333,1383.333
1000,0.299R+0.587G+0.114B,0,122,1819.667,1482.667
